{
  "last_run": "2025-10-15T19:54:57.684769",
  "data_points": 12,
  "best_strategies": [
    {
      "parameters": {
        "rsi_period": 10,
        "oversold": 15,
        "overbought": 70,
        "take_profit": 0.01,
        "stop_loss": -0.005
      },
      "metrics": {
        "total_trades": 6,
        "win_rate": 83.33333333333334,
        "avg_profit": 0.5807859279801406,
        "total_profit": 3.4847155678808437,
        "max_drawdown": 0.0,
        "profit_factor": 6.807859279801405,
        "long_trades": 4,
        "short_trades": 2,
        "avg_trade_duration": 95.5,
        "take_profit_exits": 4,
        "stop_loss_exits": 1,
        "market_close_exits": 1
      },
      "total_trades": 6,
      "win_rate": 83.33333333333334,
      "total_profit": 3.4847155678808437,
      "profit_factor": 6.807859279801405,
      "max_drawdown": 0.0,
      "avg_profit": 0.5807859279801406
    },
    {
      "parameters": {
        "rsi_period": 10,
        "oversold": 15,
        "overbought": 75,
        "take_profit": 0.01,
        "stop_loss": -0.005
      },
      "metrics": {
        "total_trades": 6,
        "win_rate": 83.33333333333334,
        "avg_profit": 0.5807859279801406,
        "total_profit": 3.4847155678808437,
        "max_drawdown": 0.0,
        "profit_factor": 6.807859279801405,
        "long_trades": 4,
        "short_trades": 2,
        "avg_trade_duration": 95.5,
        "take_profit_exits": 4,
        "stop_loss_exits": 1,
        "market_close_exits": 1
      },
      "total_trades": 6,
      "win_rate": 83.33333333333334,
      "total_profit": 3.4847155678808437,
      "profit_factor": 6.807859279801405,
      "max_drawdown": 0.0,
      "avg_profit": 0.5807859279801406
    },
    {
      "parameters": {
        "rsi_period": 10,
        "oversold": 15,
        "overbought": 80,
        "take_profit": 0.01,
        "stop_loss": -0.005
      },
      "metrics": {
        "total_trades": 6,
        "win_rate": 83.33333333333334,
        "avg_profit": 0.5807859279801406,
        "total_profit": 3.4847155678808437,
        "max_drawdown": 0.0,
        "profit_factor": 6.807859279801405,
        "long_trades": 4,
        "short_trades": 2,
        "avg_trade_duration": 95.5,
        "take_profit_exits": 4,
        "stop_loss_exits": 1,
        "market_close_exits": 1
      },
      "total_trades": 6,
      "win_rate": 83.33333333333334,
      "total_profit": 3.4847155678808437,
      "profit_factor": 6.807859279801405,
      "max_drawdown": 0.0,
      "avg_profit": 0.5807859279801406
    },
    {
      "parameters": {
        "rsi_period": 10,
        "oversold": 15,
        "overbought": 70,
        "take_profit": 0.01,
        "stop_loss": -0.007
      },
      "metrics": {
        "total_trades": 6,
        "win_rate": 83.33333333333334,
        "avg_profit": 0.49745259464680713,
        "total_profit": 2.984715567880843,
        "max_drawdown": 0.0,
        "profit_factor": 4.730894459851054,
        "long_trades": 3,
        "short_trades": 3,
        "avg_trade_duration": 89.33333333333333,
        "take_profit_exits": 3,
        "stop_loss_exits": 2,
        "market_close_exits": 1
      },
      "total_trades": 6,
      "win_rate": 83.33333333333334,
      "total_profit": 2.984715567880843,
      "profit_factor": 4.730894459851054,
      "max_drawdown": 0.0,
      "avg_profit": 0.49745259464680713
    },
    {
      "parameters": {
        "rsi_period": 10,
        "oversold": 15,
        "overbought": 75,
        "take_profit": 0.01,
        "stop_loss": -0.007
      },
      "metrics": {
        "total_trades": 6,
        "win_rate": 83.33333333333334,
        "avg_profit": 0.49745259464680713,
        "total_profit": 2.984715567880843,
        "max_drawdown": 0.0,
        "profit_factor": 4.730894459851054,
        "long_trades": 3,
        "short_trades": 3,
        "avg_trade_duration": 89.33333333333333,
        "take_profit_exits": 3,
        "stop_loss_exits": 2,
        "market_close_exits": 1
      },
      "total_trades": 6,
      "win_rate": 83.33333333333334,
      "total_profit": 2.984715567880843,
      "profit_factor": 4.730894459851054,
      "max_drawdown": 0.0,
      "avg_profit": 0.49745259464680713
    },
    {
      "parameters": {
        "rsi_period": 10,
        "oversold": 15,
        "overbought": 80,
        "take_profit": 0.01,
        "stop_loss": -0.007
      },
      "metrics": {
        "total_trades": 6,
        "win_rate": 83.33333333333334,
        "avg_profit": 0.49745259464680713,
        "total_profit": 2.984715567880843,
        "max_drawdown": 0.0,
        "profit_factor": 4.730894459851054,
        "long_trades": 3,
        "short_trades": 3,
        "avg_trade_duration": 89.33333333333333,
        "take_profit_exits": 3,
        "stop_loss_exits": 2,
        "market_close_exits": 1
      },
      "total_trades": 6,
      "win_rate": 83.33333333333334,
      "total_profit": 2.984715567880843,
      "profit_factor": 4.730894459851054,
      "max_drawdown": 0.0,
      "avg_profit": 0.49745259464680713
    },
    {
      "parameters": {
        "rsi_period": 10,
        "oversold": 20,
        "overbought": 60,
        "take_profit": 0.01,
        "stop_loss": -0.005
      },
      "metrics": {
        "total_trades": 6,
        "win_rate": 83.33333333333334,
        "avg_profit": 0.4618388480073358,
        "total_profit": 2.771033088044015,
        "max_drawdown": 0.0,
        "profit_factor": 5.618388480073358,
        "long_trades": 3,
        "short_trades": 3,
        "avg_trade_duration": 138.0,
        "take_profit_exits": 3,
        "stop_loss_exits": 2,
        "market_close_exits": 1
      },
      "total_trades": 6,
      "win_rate": 83.33333333333334,
      "total_profit": 2.771033088044015,
      "profit_factor": 5.618388480073358,
      "max_drawdown": 0.0,
      "avg_profit": 0.4618388480073358
    },
    {
      "parameters": {
        "rsi_period": 10,
        "oversold": 20,
        "overbought": 65,
        "take_profit": 0.01,
        "stop_loss": -0.005
      },
      "metrics": {
        "total_trades": 6,
        "win_rate": 83.33333333333334,
        "avg_profit": 0.4618388480073358,
        "total_profit": 2.771033088044015,
        "max_drawdown": 0.0,
        "profit_factor": 5.618388480073358,
        "long_trades": 3,
        "short_trades": 3,
        "avg_trade_duration": 138.0,
        "take_profit_exits": 3,
        "stop_loss_exits": 2,
        "market_close_exits": 1
      },
      "total_trades": 6,
      "win_rate": 83.33333333333334,
      "total_profit": 2.771033088044015,
      "profit_factor": 5.618388480073358,
      "max_drawdown": 0.0,
      "avg_profit": 0.4618388480073358
    },
    {
      "parameters": {
        "rsi_period": 7,
        "oversold": 10,
        "overbought": 60,
        "take_profit": 0.01,
        "stop_loss": -0.005
      },
      "metrics": {
        "total_trades": 5,
        "win_rate": 80.0,
        "avg_profit": 0.5169431135761686,
        "total_profit": 2.5847155678808433,
        "max_drawdown": 0.0,
        "profit_factor": 5.307859279801405,
        "long_trades": 3,
        "short_trades": 2,
        "avg_trade_duration": 146.0,
        "take_profit_exits": 3,
        "stop_loss_exits": 1,
        "market_close_exits": 1
      },
      "total_trades": 5,
      "win_rate": 80.0,
      "total_profit": 2.5847155678808433,
      "profit_factor": 5.307859279801405,
      "max_drawdown": 0.0,
      "avg_profit": 0.5169431135761686
    },
    {
      "parameters": {
        "rsi_period": 7,
        "oversold": 10,
        "overbought": 65,
        "take_profit": 0.01,
        "stop_loss": -0.005
      },
      "metrics": {
        "total_trades": 5,
        "win_rate": 80.0,
        "avg_profit": 0.5169431135761686,
        "total_profit": 2.5847155678808433,
        "max_drawdown": 0.0,
        "profit_factor": 5.307859279801405,
        "long_trades": 3,
        "short_trades": 2,